"Time (s)","Latitude (°)","Longitude (°)","Height (m)","Velocity (m/s)","Direction (°)","Horizontal Accuracy (m)","Vertical Accuracy (m)"
2.605769883E0,6.501278632E1,2.551509378E1,-2.846627532E1,3.599999845E-1,0.000000000E0,1.850000000E1,1.000000000E2
3.574320036E0,6.501311502E1,2.551515145E1,6.453360558E1,1.700000018E-1,0.000000000E0,1.100000000E1,1.000000000E2
4.637731996E0,6.501301892E1,2.551517283E1,4.653363597E1,3.700000048E-1,0.000000000E0,9.500000000E0,1.000000000E2
5.589686457E0,6.501304369E1,2.551523267E1,6.453362058E1,7.299999595E-1,2.425000000E2,8.500000000E0,1.000000000E2
6.577634918E0,6.501310245E1,2.551507459E1,7.653361877E1,6.999999881E-1,2.268000031E2,8.500000000E0,1.000000000E2
7.580217225E0,6.501300073E1,2.551506688E1,4.653365445E1,1.029999971E0,2.083999939E2,7.500000000E0,1.000000000E2
7.888822186E0,6.501298682E1,2.551515279E1,3.453364927E1,7.400000095E-1,2.056000061E2,8.000000000E0,1.000000000E2
9.582036185E0,6.501292433E1,2.551507928E1,2.653367915E1,0.000000000E0,0.000000000E0,6.500000000E0,1.000000000E2
1.054452334E1,6.501292433E1,2.551507928E1,2.653367915E1,0.000000000E0,0.000000000E0,6.500000000E0,1.000000000E2
1.156042218E1,6.501292433E1,2.551507928E1,2.653367915E1,0.000000000E0,0.000000000E0,6.000000000E0,1.000000000E2
1.255843491E1,6.501291205E1,2.551504986E1,2.453368676E1,4.099999964E-1,2.193000031E2,6.000000000E0,1.000000000E2
1.360423110E1,6.501289269E1,2.551502111E1,2.353369671E1,1.110000014E0,2.051000061E2,5.500000000E0,1.000000000E2
1.457706011E1,6.501288091E1,2.551497661E1,2.353370589E1,9.399999976E-1,2.006000061E2,5.000000000E0,1.000000000E2
1.554117684E1,6.501287153E1,2.551495775E1,2.253371129E1,8.399999738E-1,2.041000061E2,5.000000000E0,1.000000000E2
1.656630633E1,6.501285992E1,2.551494216E1,2.253371706E1,1.019999981E0,2.010000000E2,5.000000000E0,1.000000000E2
1.755198695E1,6.501284529E1,2.551493780E1,2.153372257E1,1.179999948E0,2.013000031E2,4.500000000E0,1.000000000E2
1.856327953E1,6.501283670E1,2.551492439E1,2.053372707E1,1.269999981E0,2.011999969E2,4.500000000E0,1.000000000E2
1.957606502E1,6.501282915E1,2.551491517E1,1.953373072E1,1.179999948E0,2.013000031E2,4.000000000E0,1.000000000E2
2.057747833E1,6.501281750E1,2.551490176E1,1.853373626E1,1.149999976E0,2.075000000E2,4.000000000E0,1.000000000E2
2.158160237E1,6.501280791E1,2.551488457E1,1.853374153E1,1.000000000E0,2.135000000E2,4.000000000E0,1.000000000E2
2.256838110E1,6.501280032E1,2.551487493E1,1.753374524E1,1.159999967E0,2.171999969E2,3.500000000E0,1.000000000E2
2.357971871E1,6.501278867E1,2.551485968E1,1.753375100E1,9.799999595E-1,2.191999969E2,4.000000000E0,1.000000000E2
2.458900106E1,6.501277656E1,2.551484618E1,1.753375671E1,1.339999914E0,2.105000000E2,3.500000000E0,1.000000000E2
2.556415594E1,6.501276487E1,2.551483403E1,1.753376212E1,1.319999933E0,2.070000000E2,4.000000000E0,1.000000000E2
2.659213714E1,6.501275288E1,2.551482623E1,1.753376712E1,1.350000024E0,2.083999939E2,4.000000000E0,1.000000000E2
2.757571352E1,6.501274311E1,2.551480821E1,1.753377256E1,1.139999986E0,2.138999939E2,4.000000000E0,1.000000000E2
2.856600844E1,6.501273360E1,2.551479287E1,1.653377759E1,1.000000000E0,2.178999939E2,4.000000000E0,1.000000000E2
2.956430702E1,6.501272270E1,2.551478181E1,1.653378260E1,9.599999785E-1,2.208000031E2,4.000000000E0,1.000000000E2
3.057804852E1,6.501271001E1,2.551476060E1,1.553378941E1,1.139999986E0,2.205000000E2,4.000000000E0,1.000000000E2
3.156955078E1,6.501269760E1,2.551474409E1,1.453379557E1,1.120000005E0,2.248999939E2,3.500000000E0,1.000000000E2
3.257861578E1,6.501268616E1,2.551472641E1,1.353380154E1,1.110000014E0,2.278999939E2,3.500000000E0,1.000000000E2
3.359568994E1,6.501267476E1,2.551470419E1,1.253380801E1,1.159999967E0,2.300000000E2,3.500000000E0,1.000000000E2
3.457881913E1,6.501266588E1,2.551467955E1,1.153381391E1,1.079999924E0,2.310000000E2,3.500000000E0,1.000000000E2
3.557036713E1,6.501265678E1,2.551465424E1,1.053381996E1,1.129999995E0,2.303999939E2,3.500000000E0,1.000000000E2
3.657412574E1,6.501264781E1,2.551463094E1,9.533825736E0,1.189999938E0,2.288999939E2,3.500000000E0,1.000000000E2
3.756297547E1,6.501263570E1,2.551460990E1,9.533832323E0,1.139999986E0,2.191999969E2,3.500000000E0,1.000000000E2
3.855987101E1,6.501262309E1,2.551458827E1,8.533839151E0,1.159999967E0,2.168999939E2,3.000000000E0,1.000000000E2
3.960750193E1,6.501261039E1,2.551456883E1,8.533845756E0,1.279999971E0,2.153000031E2,3.000000000E0,1.000000000E2
4.058059978E1,6.501259760E1,2.551455223E1,7.533852059E0,1.240000010E0,2.155000000E2,3.500000000E0,1.000000000E2
4.159938701E1,6.501258675E1,2.551453622E1,7.533857634E0,1.339999914E0,2.130000000E2,3.000000000E0,1.000000000E2
4.255773259E1,6.501257543E1,2.551452281E1,6.533863066E0,1.350000024E0,2.065000000E2,3.000000000E0,1.000000000E2
4.356593516E1,6.501256462E1,2.551451107E1,6.533868131E0,1.370000005E0,2.081000061E2,3.500000000E0,1.000000000E2
4.456065031E1,6.501255297E1,2.551449750E1,5.533873697E0,1.069999933E0,2.143999939E2,3.000000000E0,1.000000000E2
4.559004435E1,6.501254673E1,2.551448476E1,5.533877315E0,1.179999948E0,2.238999939E2,3.000000000E0,1.000000000E2
4.659696793E1,6.501253730E1,2.551447168E1,4.533882062E0,1.149999976E0,2.231999969E2,3.000000000E0,1.000000000E2
4.756763877E1,6.501252816E1,2.551445936E1,4.533886622E0,1.169999957E0,2.226000061E2,3.000000000E0,1.000000000E2
4.857343193E1,6.501251651E1,2.551444461E1,3.533892326E0,1.259999990E0,2.153999939E2,3.000000000E0,1.000000000E2
4.956595766E1,6.501250570E1,2.551442885E1,2.533897859E0,1.029999971E0,2.113000031E2,3.000000000E0,1.000000000E2
5.057662485E1,6.501249815E1,2.551441778E1,2.533901728E0,1.120000005E0,2.066000061E2,3.000000000E0,1.000000000E2
5.155418162E1,6.501248822E1,2.551440446E1,2.533906678E0,1.209999919E0,2.065000000E2,3.000000000E0,1.000000000E2
5.258567546E1,6.501247753E1,2.551439054E1,1.533911955E0,1.220000029E0,2.053999939E2,3.000000000E0,1.000000000E2
5.356224785E1,6.501246471E1,2.551438015E1,1.533917556E0,1.199999928E0,1.988999939E2,3.000000000E0,1.000000000E2
5.461575108E1,6.501245277E1,2.551437118E1,1.533922689E0,1.289999962E0,1.995000000E2,3.000000000E0,1.000000000E2
5.556741923E1,6.501243738E1,2.551436255E1,5.339289618E-1,1.289999962E0,1.996999969E2,2.500000000E0,1.000000000E2
5.657302634E1,6.501242460E1,2.551435970E1,5.339336724E-1,1.250000000E0,2.005000000E2,2.500000000E0,1.000000000E2
5.755175073E1,6.501240989E1,2.551435341E1,5.339394429E-1,1.370000005E0,1.993999939E2,2.500000000E0,1.000000000E2
5.854449934E1,6.501239874E1,2.551434268E1,-4.660554910E-1,1.009999990E0,2.038000031E2,3.000000000E0,1.000000000E2
5.954609892E1,6.501238873E1,2.551433179E1,-4.660507930E-1,1.090000033E0,2.058000031E2,3.000000000E0,1.000000000E2
6.055380607E1,6.501237666E1,2.551432005E1,-4.660452937E-1,1.129999995E0,2.041999969E2,3.000000000E0,1.000000000E2
6.157385438E1,6.501236547E1,2.551430253E1,-1.466039424E0,1.110000014E0,2.013999939E2,3.000000000E0,1.000000000E2
6.259612580E1,6.501235637E1,2.551429675E1,-1.466035635E0,1.199999928E0,2.013000031E2,3.000000000E0,1.000000000E2
6.356088380E1,6.501235243E1,2.551428887E1,-4.660333695E-1,1.199999928E0,1.991000061E2,3.000000000E0,1.000000000E2
6.456945572E1,6.501234460E1,2.551428837E1,-4.660306254E-1,1.199999928E0,1.961000061E2,3.000000000E0,1.000000000E2
6.556216945E1,6.501233617E1,2.551428325E1,5.339728556E-1,1.149999976E0,1.955000000E2,3.000000000E0,1.000000000E2
6.661523449E1,6.501232490E1,2.551428409E1,1.533976621E0,1.240000010E0,1.958999939E2,3.000000000E0,1.000000000E2
6.756652141E1,6.501231526E1,2.551428007E1,2.533980392E0,1.230000019E0,1.968999939E2,2.500000000E0,1.000000000E2
6.859264734E1,6.501230633E1,2.551427781E1,2.533983715E0,1.209999919E0,1.975000000E2,3.000000000E0,1.000000000E2
6.957996607E1,6.501229988E1,2.551427571E1,3.533986170E0,1.220000029E0,1.986000061E2,3.000000000E0,1.000000000E2
7.056169922E1,6.501229112E1,2.551427093E1,4.533989727E0,1.199999928E0,1.988999939E2,3.000000000E0,1.000000000E2
7.158714672E1,6.501228525E1,2.551426666E1,4.533992235E0,1.199999928E0,2.013000031E2,3.000000000E0,1.000000000E2
7.255805864E1,6.501227821E1,2.551426465E1,4.533994882E0,1.079999924E0,1.953999939E2,3.000000000E0,1.000000000E2
7.358368233E1,6.501226887E1,2.551425710E1,5.533998962E0,1.149999976E0,1.936000061E2,3.000000000E0,1.000000000E2
7.457525918E1,6.501226250E1,2.551425207E1,5.534001730E0,1.139999986E0,1.941000061E2,3.000000000E0,1.000000000E2
7.555948610E1,6.501225357E1,2.551423841E1,5.534006378E0,1.079999924E0,1.966000061E2,3.000000000E0,1.000000000E2
7.657749306E1,6.501224594E1,2.551423213E1,5.534009723E0,1.179999948E0,1.996999969E2,3.000000000E0,1.000000000E2
7.756603433E1,6.501223735E1,2.551422701E1,5.534013262E0,1.159999967E0,2.001999969E2,3.000000000E0,1.000000000E2
7.856298075E1,6.501222863E1,2.551422332E1,5.534016679E0,9.499999881E-1,2.003999939E2,3.000000000E0,1.000000000E2
7.958536144E1,6.501222080E1,2.551421905E1,5.534019862E0,1.090000033E0,2.010000000E2,3.000000000E0,1.000000000E2
8.055083152E1,6.501220927E1,2.551421293E1,5.534024524E0,1.059999943E0,2.048000031E2,3.000000000E0,1.000000000E2
8.156687421E1,6.501220307E1,2.551420145E1,5.534027986E0,1.100000024E0,2.056999969E2,3.000000000E0,1.000000000E2
8.257840260E1,6.501219184E1,2.551419156E1,5.534032986E0,1.149999976E0,2.011999969E2,3.000000000E0,1.000000000E2
8.355672490E1,6.501217750E1,2.551417655E1,5.534039645E0,1.039999962E0,1.995000000E2,3.000000000E0,1.000000000E2
8.457483263E1,6.501216669E1,2.551416817E1,5.534044327E0,1.079999924E0,1.998999939E2,3.000000000E0,1.000000000E2
8.557814178E1,6.501215994E1,2.551416038E1,5.534047547E0,1.090000033E0,1.990000000E2,3.000000000E0,1.000000000E2
8.657745275E1,6.501215123E1,2.551415962E1,5.534050622E0,1.100000024E0,2.018000031E2,3.500000000E0,1.000000000E2
8.756069955E1,6.501214012E1,2.551415627E1,5.534054820E0,1.129999995E0,2.053999939E2,3.000000000E0,1.000000000E2
8.855647709E1,6.501212860E1,2.551414437E1,6.534060156E0,1.179999948E0,2.086999969E2,3.000000000E0,1.000000000E2
8.955037505E1,6.501211866E1,2.551413456E1,6.534064702E0,1.209999919E0,2.055000000E2,3.000000000E0,1.000000000E2
9.055911097E1,6.501210877E1,2.551412450E1,7.534069264E0,1.059999943E0,2.056999969E2,3.000000000E0,1.000000000E2
9.155897470E1,6.501210349E1,2.551411939E1,8.534071669E0,1.069999933E0,2.036999969E2,3.000000000E0,1.000000000E2
9.258036547E1,6.501209176E1,2.551411319E1,8.534076414E0,1.429999948E0,1.988000031E2,3.000000000E0,1.000000000E2
9.358308097E1,6.501207994E1,2.551410237E1,9.534081725E0,1.220000029E0,1.963000031E2,3.000000000E0,1.000000000E2
9.456161197E1,6.501206934E1,2.551409223E1,9.534086541E0,1.110000014E0,1.866000061E2,2.500000000E0,1.000000000E2
9.555663505E1,6.501206041E1,2.551408729E1,9.534090177E0,1.120000005E0,1.798000031E2,2.500000000E0,1.000000000E2
9.657919385E1,6.501205178E1,2.551409014E1,9.534092805E0,1.079999924E0,1.733000031E2,2.500000000E0,1.000000000E2
9.755921562E1,6.501204427E1,2.551410489E1,1.053409366E1,1.240000010E0,1.511000061E2,2.500000000E0,1.000000000E2
9.854504297E1,6.501203497E1,2.551412442E1,1.053409457E1,1.309999943E0,1.393999939E2,2.500000000E0,1.000000000E2
9.956597131E1,6.501202445E1,2.551414437E1,1.053409586E1,1.309999943E0,1.373000031E2,2.500000000E0,1.000000000E2
1.005629903E2,6.501201728E1,2.551416473E1,1.153409594E1,1.309999943E0,1.281000061E2,3.000000000E0,1.000000000E2
1.015520059E2,6.501201028E1,2.551418485E1,1.153409600E1,1.259999990E0,1.225999985E2,2.500000000E0,1.000000000E2
1.025654293E2,6.501200308E1,2.551420472E1,1.153409615E1,1.269999981E0,1.220000000E2,3.000000000E0,1.000000000E2
1.035860246E2,6.501199599E1,2.551422316E1,1.253409643E1,1.220000029E0,1.234000015E2,2.500000000E0,1.000000000E2
1.045615118E2,6.501199096E1,2.551424461E1,1.253409566E1,1.240000010E0,1.233000031E2,2.500000000E0,1.000000000E2
1.055850215E2,6.501198631E1,2.551427512E1,1.153409370E1,1.269999981E0,1.136999969E2,2.500000000E0,1.000000000E2
1.065606089E2,6.501198149E1,2.551430337E1,1.153409206E1,1.169999957E0,1.075999985E2,2.500000000E0,1.000000000E2
1.075562510E2,6.501198007E1,2.551432818E1,1.153408965E1,1.179999948E0,1.060000000E2,2.500000000E0,1.000000000E2
1.085625558E2,6.501197676E1,2.551435400E1,1.153408778E1,1.220000029E0,1.069000015E2,2.500000000E0,1.000000000E2
1.095608877E2,6.501197387E1,2.551438442E1,1.053408523E1,1.259999990E0,1.045000000E2,2.500000000E0,1.000000000E2
1.105483786E2,6.501197332E1,2.551441292E1,1.153408209E1,1.199999928E0,1.066999969E2,3.000000000E0,1.000000000E2
1.115764299E2,6.501197160E1,2.551444050E1,1.153407947E1,1.199999928E0,1.075999985E2,3.000000000E0,1.000000000E2
1.125680074E2,6.501196670E1,2.551446372E1,1.153407844E1,1.169999957E0,1.075999985E2,3.000000000E0,1.000000000E2
1.135538706E2,6.501196297E1,2.551448501E1,1.153407724E1,1.139999986E0,1.060000000E2,3.000000000E0,1.000000000E2
1.145824501E2,6.501196045E1,2.551450923E1,1.153407528E1,1.139999986E0,1.083000031E2,3.000000000E0,1.000000000E2
1.155589629E2,6.501195631E1,2.551452926E1,1.153407436E1,1.149999976E0,1.075999985E2,3.000000000E0,1.000000000E2
1.165568948E2,6.501195291E1,2.551455399E1,1.153407265E1,1.059999943E0,1.125000000E2,3.000000000E0,1.000000000E2
1.175711857E2,6.501194981E1,2.551457486E1,1.053407128E1,1.069999933E0,1.189000015E2,3.000000000E0,1.000000000E2
1.185645375E2,6.501194486E1,2.551460805E1,1.053406910E1,1.069999933E0,1.215999985E2,3.000000000E0,1.000000000E2
1.195423127E2,6.501193824E1,2.551462859E1,1.053406897E1,1.059999943E0,1.228000031E2,3.000000000E0,1.000000000E2
1.205543415E2,6.501193179E1,2.551465600E1,1.053406799E1,1.059999943E0,1.135999985E2,3.000000000E0,1.000000000E2
1.215415426E2,6.501192575E1,2.551468064E1,1.053406718E1,1.149999976E0,1.135000000E2,3.000000000E0,1.000000000E2
1.225472113E2,6.501191775E1,2.551471082E1,1.053406641E1,1.319999933E0,1.176999969E2,3.000000000E0,1.000000000E2
1.235544389E2,6.501190945E1,2.551474208E1,1.053406560E1,1.189999938E0,1.133000031E2,3.000000000E0,1.000000000E2
1.245573851E2,6.501190455E1,2.551476823E1,9.534064234E0,1.289999962E0,1.115000000E2,3.000000000E0,1.000000000E2
1.255541659E2,6.501189684E1,2.551480218E1,1.053406292E1,1.329999924E0,1.134000015E2,3.000000000E0,1.000000000E2
1.265811573E2,6.501189231E1,2.551483277E1,1.053406090E1,1.269999981E0,1.095999985E2,3.500000000E0,1.000000000E2
1.275518191E2,6.501188929E1,2.551486018E1,1.053405874E1,1.240000010E0,1.095999985E2,3.500000000E0,1.000000000E2
1.285599877E2,6.501188389E1,2.551489086E1,1.053405701E1,1.240000010E0,1.146999969E2,3.000000000E0,1.000000000E2
1.295691402E2,6.501187861E1,2.551491626E1,1.053405586E1,1.179999948E0,1.138000031E2,3.000000000E0,1.000000000E2
1.305602393E2,6.501187332E1,2.551494107E1,1.053405477E1,1.039999962E0,1.146999969E2,3.000000000E0,1.000000000E2
1.315761273E2,6.501186804E1,2.551496764E1,1.053405348E1,1.169999957E0,1.150999985E2,3.000000000E0,1.000000000E2
1.325555108E2,6.501186327E1,2.551500259E1,1.053405104E1,1.079999924E0,1.138000031E2,3.500000000E0,1.000000000E2
1.335747596E2,6.501185530E1,2.551502581E1,1.053405105E1,1.079999924E0,1.110000000E2,3.000000000E0,1.000000000E2
1.345535466E2,6.501184801E1,2.551504567E1,1.053405123E1,1.009999990E0,1.110000000E2,2.500000000E0,1.000000000E2
1.355619016E2,6.501184474E1,2.551506654E1,1.053404992E1,1.169999957E0,1.140999985E2,2.500000000E0,1.000000000E2
1.365605718E2,6.501184093E1,2.551508917E1,1.053404858E1,1.159999967E0,1.121999969E2,2.500000000E0,1.000000000E2
1.375704961E2,6.501183741E1,2.551511306E1,1.053404700E1,1.209999919E0,1.095999985E2,3.000000000E0,1.000000000E2
1.385503045E2,6.501183628E1,2.551513293E1,1.053404507E1,1.189999938E0,1.110000000E2,3.000000000E0,1.000000000E2
1.395930503E2,6.501183246E1,2.551515849E1,1.053404339E1,1.110000014E0,1.048000031E2,3.000000000E0,1.000000000E2
1.405529259E2,6.501182760E1,2.551518490E1,1.153404198E1,1.269999981E0,1.091999969E2,3.000000000E0,1.000000000E2
1.415504732E2,6.501182634E1,2.551519772E1,1.153404091E1,1.149999976E0,1.121999969E2,2.500000000E0,1.000000000E2
1.425684909E2,6.501182416E1,2.551522655E1,1.153403829E1,1.059999943E0,1.144000015E2,3.000000000E0,1.000000000E2
1.435478895E2,6.501182169E1,2.551525111E1,1.153403627E1,1.129999995E0,1.150000000E2,3.000000000E0,1.000000000E2
1.445725562E2,6.501181876E1,2.551527609E1,1.153403436E1,1.079999924E0,1.155000000E2,2.500000000E0,1.000000000E2
1.455662879E2,6.501181348E1,2.551530384E1,1.153403293E1,1.159999967E0,1.155999985E2,3.000000000E0,1.000000000E2
1.465833563E2,6.501180908E1,2.551532890E1,1.153403151E1,1.149999976E0,1.165000000E2,3.000000000E0,1.000000000E2
1.475493587E2,6.501180551E1,2.551534642E1,1.153403069E1,1.069999933E0,1.195999985E2,3.000000000E0,1.000000000E2
1.485410398E2,6.501180103E1,2.551535455E1,1.153403127E1,1.259999990E0,1.215999985E2,3.000000000E0,1.000000000E2
1.495615538E2,6.501179743E1,2.551537701E1,1.153402988E1,1.129999995E0,1.155999985E2,3.000000000E0,1.000000000E2
1.505627414E2,6.501179412E1,2.551540568E1,1.153402767E1,1.100000024E0,1.135000000E2,3.000000000E0,1.000000000E2
1.515644676E2,6.501179085E1,2.551543023E1,1.153402592E1,1.309999943E0,1.118000031E2,3.000000000E0,1.000000000E2
1.525427457E2,6.501178628E1,2.551544599E1,1.153402565E1,1.279999971E0,1.198000031E2,3.000000000E0,1.000000000E2
1.535673814E2,6.501177970E1,2.551546879E1,1.153402524E1,1.189999938E0,1.205999985E2,2.500000000E0,1.000000000E2
1.545473669E2,6.501177555E1,2.551548748E1,1.153402447E1,1.179999948E0,1.208000031E2,2.500000000E0,1.000000000E2
1.555498743E2,6.501177224E1,2.551550609E1,1.053402343E1,1.120000005E0,1.204000015E2,2.500000000E0,1.000000000E2
1.565495031E2,6.501176759E1,2.551553065E1,1.053402216E1,1.279999971E0,1.210000000E2,3.000000000E0,1.000000000E2
1.575510715E2,6.501175866E1,2.551555982E1,1.053402180E1,1.329999924E0,1.215000000E2,3.000000000E0,1.000000000E2
1.585616430E2,6.501175208E1,2.551559226E1,1.153402027E1,1.439999938E0,1.185999985E2,3.000000000E0,1.000000000E2
1.595506677E2,6.501174504E1,2.551562377E1,1.153401899E1,1.309999943E0,1.180999985E2,3.000000000E0,1.000000000E2
1.605460106E2,6.501173871E1,2.551564791E1,1.153401834E1,1.289999962E0,1.164000015E2,3.000000000E0,1.000000000E2
1.615658589E2,6.501173544E1,2.551567113E1,1.153401675E1,1.179999948E0,1.133000031E2,3.000000000E0,1.000000000E2
1.625493573E2,6.501173100E1,2.551569074E1,1.153401597E1,1.189999938E0,1.198000031E2,3.000000000E0,1.000000000E2
1.635579047E2,6.501172597E1,2.551571145E1,1.153401528E1,1.049999952E0,1.205999985E2,3.000000000E0,1.000000000E2
1.645656810E2,6.501172040E1,2.551573416E1,1.153401453E1,1.090000033E0,1.234000015E2,3.000000000E0,1.000000000E2
1.655578918E2,6.501171558E1,2.551574875E1,1.153401447E1,1.049999952E0,1.224000015E2,3.000000000E0,1.000000000E2
1.665550990E2,6.501171105E1,2.551577280E1,1.153401321E1,1.049999952E0,1.225999985E2,3.000000000E0,1.000000000E2
1.675556282E2,6.501170590E1,2.551579686E1,1.053401216E1,1.039999962E0,1.179000015E2,3.000000000E0,1.000000000E2
1.685565912E2,6.501170238E1,2.551582268E1,1.153401035E1,9.899999499E-1,1.216999969E2,3.000000000E0,1.000000000E2
1.695585043E2,6.501169588E1,2.551584338E1,1.153401015E1,1.159999967E0,1.166999969E2,3.000000000E0,1.000000000E2
1.705454965E2,6.501169035E1,2.551586836E1,1.153400913E1,1.240000010E0,1.186999969E2,3.000000000E0,1.000000000E2
1.715763368E2,6.501168414E1,2.551588504E1,1.153400930E1,1.339999914E0,1.183000031E2,3.500000000E0,1.000000000E2
1.725499085E2,6.501167853E1,2.551591194E1,1.153400807E1,1.149999976E0,1.163000031E2,3.000000000E0,1.000000000E2
1.735651820E2,6.501167191E1,2.551593767E1,1.153400733E1,1.299999952E0,1.124000015E2,3.000000000E0,1.000000000E2
1.745607602E2,6.501166570E1,2.551596148E1,1.153400667E1,1.269999981E0,1.126999969E2,3.500000000E0,1.000000000E2
1.755535978E2,6.501165992E1,2.551598629E1,1.153400574E1,1.279999971E0,1.160000000E2,3.500000000E0,1.000000000E2
1.765667187E2,6.501165460E1,2.551601546E1,1.253400415E1,1.309999943E0,1.123000031E2,3.500000000E0,1.000000000E2
1.775596913E2,6.501164869E1,2.551604169E1,1.153400311E1,1.169999957E0,1.134000015E2,3.000000000E0,1.000000000E2
1.785424154E2,6.501164156E1,2.551606726E1,1.153400255E1,1.389999986E0,1.135000000E2,3.000000000E0,1.000000000E2
1.795528101E2,6.501163733E1,2.551609333E1,1.253400095E1,1.230000019E0,1.150000000E2,3.500000000E0,1.000000000E2
1.805510430E2,6.501163406E1,2.551611537E1,1.253399949E1,1.329999924E0,1.159000015E2,3.000000000E0,1.000000000E2
1.815477899E2,6.501162979E1,2.551613616E1,1.253399853E1,1.129999995E0,1.155999985E2,3.000000000E0,1.000000000E2
1.825565784E2,6.501162325E1,2.551616583E1,1.253399729E1,1.299999952E0,1.155000000E2,3.500000000E0,1.000000000E2
1.835468412E2,6.501161977E1,2.551619735E1,1.253399480E1,1.370000005E0,1.105000000E2,3.500000000E0,1.000000000E2
1.845579709E2,6.501161453E1,2.551623322E1,1.353399239E1,1.399999976E0,1.105000000E2,3.000000000E0,1.000000000E2
1.855482732E2,6.501160888E1,2.551625652E1,1.253399160E1,1.279999971E0,1.080999985E2,3.500000000E0,1.000000000E2
1.865596871E2,6.501160682E1,2.551627069E1,1.253399065E1,1.279999971E0,1.101999969E2,3.000000000E0,1.000000000E2
1.875593044E2,6.501160242E1,2.551629491E1,1.253398932E1,1.209999919E0,1.134000015E2,3.000000000E0,1.000000000E2
1.885583692E2,6.501159894E1,2.551631478E1,1.253398819E1,1.059999943E0,1.158000031E2,3.000000000E0,1.000000000E2
1.895557474E2,6.501159467E1,2.551634244E1,1.353398641E1,1.319999933E0,1.160000000E2,3.000000000E0,1.000000000E2
1.905605291E2,6.501159245E1,2.551637169E1,1.353398375E1,1.199999928E0,1.141999969E2,3.000000000E0,1.000000000E2
1.915731819E2,6.501158863E1,2.551640262E1,1.353398144E1,1.299999952E0,1.093000031E2,3.000000000E0,1.000000000E2
1.925548878E2,6.501158381E1,2.551643078E1,1.353397979E1,1.269999981E0,1.089000015E2,3.000000000E0,1.000000000E2
1.935590595E2,6.501157891E1,2.551645241E1,1.353397894E1,1.319999933E0,1.041999969E2,3.000000000E0,1.000000000E2
1.945693640E2,6.501157438E1,2.551647378E1,1.453397799E1,1.259999990E0,1.068000031E2,3.000000000E0,1.000000000E2
1.955571078E2,6.501156667E1,2.551648510E1,1.453397929E1,1.199999928E0,1.135000000E2,3.000000000E0,1.000000000E2
1.965814498E2,6.501155703E1,2.551650102E1,1.453398072E1,1.259999990E0,1.123000031E2,3.000000000E0,1.000000000E2
1.975639534E2,6.501155188E1,2.551652265E1,1.353397995E1,1.090000033E0,1.171999969E2,3.000000000E0,1.000000000E2
1.985815882E2,6.501154794E1,2.551655064E1,1.353397802E1,1.289999962E0,1.123000031E2,3.500000000E0,1.000000000E2
1.995693760E2,6.501154174E1,2.551657579E1,1.353397720E1,1.269999981E0,1.138000031E2,2.500000000E0,1.000000000E2
2.005611498E2,6.501153620E1,2.551659247E1,1.253397713E1,1.279999971E0,1.164000015E2,2.500000000E0,1.000000000E2
2.015575435E2,6.501152870E1,2.551662365E1,1.253397605E1,1.169999957E0,1.173000031E2,3.000000000E0,1.000000000E2
2.025504959E2,6.501152346E1,2.551665173E1,1.153397455E1,1.139999986E0,1.174000015E2,3.000000000E0,1.000000000E2
2.035461644E2,6.501151915E1,2.551667646E1,1.153397313E1,1.329999924E0,1.145000000E2,3.000000000E0,1.000000000E2
2.045619987E2,6.501151265E1,2.551670135E1,1.153397243E1,1.299999952E0,1.126999969E2,3.000000000E0,1.000000000E2
2.055745981E2,6.501150896E1,2.551672323E1,1.153397113E1,1.259999990E0,1.120000000E2,3.000000000E0,1.000000000E2
2.065564806E2,6.501150175E1,2.551674351E1,1.253397122E1,1.189999938E0,1.100999985E2,3.000000000E0,1.000000000E2
2.075644403E2,6.501149253E1,2.551676187E1,1.253397222E1,1.339999914E0,1.133000031E2,3.000000000E0,1.000000000E2
2.085737778E2,6.501148432E1,2.551679070E1,1.153397164E1,1.159999967E0,1.144000015E2,3.000000000E0,1.000000000E2
2.095459558E2,6.501147912E1,2.551681878E1,1.153397013E1,1.379999995E0,1.143000031E2,3.000000000E0,1.000000000E2
2.105433614E2,6.501147439E1,2.551684527E1,1.253396865E1,1.370000005E0,1.154000015E2,3.000000000E0,1.000000000E2
2.115644016E2,6.501147003E1,2.551687117E1,1.253396710E1,1.299999952E0,1.140000000E2,3.500000000E0,1.000000000E2
2.125455886E2,6.501146487E1,2.551689388E1,1.253396620E1,1.179999948E0,1.191999969E2,3.000000000E0,1.000000000E2
2.135744480E2,6.501145813E1,2.551690796E1,1.153396686E1,1.360000014E0,1.210000000E2,3.000000000E0,1.000000000E2
2.145634140E2,6.501145331E1,2.551693562E1,1.153396526E1,1.350000024E0,1.195999985E2,3.000000000E0,1.000000000E2
2.155579999E2,6.501144979E1,2.551695725E1,1.153396393E1,1.209999919E0,1.149000015E2,3.500000000E0,1.000000000E2
2.165623155E2,6.501144358E1,2.551698164E1,1.153396319E1,1.350000024E0,1.146999969E2,3.000000000E0,1.000000000E2
2.175491204E2,6.501143847E1,2.551701542E1,1.153396099E1,1.409999967E0,1.103000031E2,3.000000000E0,1.000000000E2
2.185492034E2,6.501143449E1,2.551704585E1,1.153395878E1,1.339999914E0,1.079000015E2,3.000000000E0,1.000000000E2
2.195498375E2,6.501142871E1,2.551707694E1,1.153395712E1,1.209999919E0,1.060000000E2,3.000000000E0,1.000000000E2
2.205496337E2,6.501142669E1,2.551710427E1,1.153395460E1,1.110000014E0,1.070000000E2,3.000000000E0,1.000000000E2
2.215489609E2,6.501142334E1,2.551713713E1,1.053395190E1,1.289999962E0,1.060000000E2,3.000000000E0,1.000000000E2
2.225530720E2,6.501141907E1,2.551716755E1,1.053394980E1,1.209999919E0,1.111999969E2,3.000000000E0,1.000000000E2
2.235525562E2,6.501141291E1,2.551718834E1,1.053394947E1,1.269999981E0,1.200999985E2,3.000000000E0,1.000000000E2
2.245760615E2,6.501140645E1,2.551720938E1,1.053394920E1,1.090000033E0,1.261999969E2,3.000000000E0,1.000000000E2
2.255602893E2,6.501140075E1,2.551723603E1,1.053394802E1,1.289999962E0,1.240999985E2,3.000000000E0,1.000000000E2
2.265709191E2,6.501139681E1,2.551726512E1,1.053394596E1,1.169999957E0,1.240999985E2,3.000000000E0,1.000000000E2
2.275497477E2,6.501139028E1,2.551728951E1,1.053394533E1,1.259999990E0,1.205000000E2,3.000000000E0,1.000000000E2
2.285650659E2,6.501138344E1,2.551731348E1,1.053394486E1,1.240000010E0,1.198000031E2,3.000000000E0,1.000000000E2
2.295538606E2,6.501137791E1,2.551733402E1,1.153394434E1,1.120000005E0,1.196999969E2,3.000000000E0,1.000000000E2
2.305423553E2,6.501137225E1,2.551736260E1,1.153394292E1,1.129999995E0,1.165999985E2,3.000000000E0,1.000000000E2
2.315474601E2,6.501136848E1,2.551738674E1,1.153394138E1,1.189999938E0,1.160000000E2,3.000000000E0,1.000000000E2
2.325537050E2,6.501136341E1,2.551740853E1,1.153394055E1,1.259999990E0,1.120999985E2,3.000000000E0,1.000000000E2
2.335646829E2,6.501135880E1,2.551743376E1,1.153393917E1,1.189999938E0,1.081999969E2,3.000000000E0,1.000000000E2
2.345657587E2,6.501135448E1,2.551745622E1,1.053393801E1,1.269999981E0,1.109000015E2,3.000000000E0,1.000000000E2
2.355604083E2,6.501135050E1,2.551748422E1,1.053393609E1,1.209999919E0,1.130000000E2,3.000000000E0,1.000000000E2
2.365392980E2,6.501134531E1,2.551751247E1,1.053393455E1,1.269999981E0,1.134000015E2,3.000000000E0,1.000000000E2
2.375487922E2,6.501133961E1,2.551754390E1,1.153393281E1,1.389999986E0,1.120999985E2,3.000000000E0,1.000000000E2
2.385576594E2,6.501133156E1,2.551757349E1,1.153393208E1,1.279999971E0,1.100999985E2,3.000000000E0,1.000000000E2
2.395395566E2,6.501132544E1,2.551760207E1,1.153393082E1,1.179999948E0,1.109000015E2,3.000000000E0,1.000000000E2
2.405587543E2,6.501132117E1,2.551762696E1,1.153392936E1,1.110000014E0,1.115000000E2,3.000000000E0,1.000000000E2
2.415580335E2,6.501131802E1,2.551765303E1,1.153392738E1,1.169999957E0,1.106999969E2,3.000000000E0,1.000000000E2
2.425517841E2,6.501131660E1,2.551768488E1,1.053392413E1,1.299999952E0,1.175999985E2,3.000000000E0,1.000000000E2
2.435622916E2,6.501131274E1,2.551771631E1,1.153392177E1,1.409999967E0,1.140999985E2,3.000000000E0,1.000000000E2
2.445618504E2,6.501130822E1,2.551774506E1,1.153391994E1,1.259999990E0,1.106999969E2,3.000000000E0,1.000000000E2
2.455693612E2,6.501130356E1,2.551777147E1,1.153391843E1,1.059999943E0,1.060000000E2,3.000000000E0,1.000000000E2
2.465452201E2,6.501129895E1,2.551779385E1,1.153391738E1,1.009999990E0,1.104000015E2,3.000000000E0,1.000000000E2
2.475558705E2,6.501129271E1,2.551781120E1,1.153391747E1,1.269999981E0,1.116999969E2,3.000000000E0,1.000000000E2
2.485580781E2,6.501128818E1,2.551783299E1,1.153391646E1,1.120000005E0,1.110999985E2,3.000000000E0,1.000000000E2
2.495689482E2,6.501128416E1,2.551786308E1,1.253391430E1,1.289999962E0,1.105999985E2,3.000000000E0,1.000000000E2
2.505523191E2,6.501127901E1,2.551788663E1,1.253391330E1,1.159999967E0,1.141999969E2,3.000000000E0,1.000000000E2
2.515467047E2,6.501127808E1,2.551791178E1,1.253391067E1,1.250000000E0,1.075999985E2,3.000000000E0,1.000000000E2
2.525797070E2,6.501127574E1,2.551794782E1,1.253390724E1,1.389999986E0,1.041999969E2,3.000000000E0,1.000000000E2
2.535529850E2,6.501127129E1,2.551798160E1,1.253390480E1,1.299999952E0,1.045000000E2,3.000000000E0,1.000000000E2
2.545568429E2,6.501126677E1,2.551800884E1,1.353390315E1,1.149999976E0,1.049000015E2,3.000000000E0,1.000000000E2
2.555711080E2,6.501126388E1,2.551803843E1,1.353390067E1,1.379999995E0,1.030000000E2,3.000000000E0,1.000000000E2
2.565474685E2,6.501126212E1,2.551807154E1,1.353389739E1,1.319999933E0,9.880000305E1,3.000000000E0,1.000000000E2
2.575603742E2,6.501126140E1,2.551810255E1,1.453389400E1,1.319999933E0,1.019000015E2,3.000000000E0,1.000000000E2
2.585608236E2,6.501125763E1,2.551813139E1,1.453389190E1,1.299999952E0,1.015000000E2,3.000000000E0,1.000000000E2
2.595554102E2,6.501125457E1,2.551816081E1,1.353388950E1,1.399999976E0,9.959999847E1,3.000000000E0,1.000000000E2
2.605607569E2,6.501125223E1,2.551819760E1,1.353388599E1,1.189999938E0,1.049000015E2,3.000000000E0,1.000000000E2
2.615561947E2,6.501124841E1,2.551823490E1,1.453388291E1,1.419999957E0,1.030999985E2,3.000000000E0,1.000000000E2
2.625437762E2,6.501124493E1,2.551826231E1,1.453388089E1,1.230000019E0,9.769999695E1,3.000000000E0,1.000000000E2
2.635703504E2,6.501124083E1,2.551828897E1,1.453387916E1,1.149999976E0,1.076999969E2,3.000000000E0,1.000000000E2
2.645577049E2,6.501123487E1,2.551831721E1,1.353387787E1,1.329999924E0,1.070000000E2,3.000000000E0,1.000000000E2
2.655516406E2,6.501123085E1,2.551834454E1,1.353387604E1,1.209999919E0,1.065000000E2,3.000000000E0,1.000000000E2
2.665508353E2,6.501122586E1,2.551837387E1,1.353387430E1,1.370000005E0,1.060000000E2,3.000000000E0,1.000000000E2
2.675541536E2,6.501122159E1,2.551839651E1,1.353387310E1,1.399999976E0,1.055999985E2,3.000000000E0,1.000000000E2
2.685344452E2,6.501121602E1,2.551842651E1,1.353387147E1,1.360000014E0,1.095999985E2,3.000000000E0,1.000000000E2
2.695426925E2,6.501121321E1,2.551845510E1,1.353386908E1,1.370000005E0,1.121999969E2,3.000000000E0,1.000000000E2
2.705404094E2,6.501121057E1,2.551848410E1,1.353386658E1,1.090000033E0,1.050000000E2,3.000000000E0,1.000000000E2
2.715414059E2,6.501120797E1,2.551851310E1,1.353386406E1,1.279999971E0,1.079000015E2,3.000000000E0,1.000000000E2
2.725418572E2,6.501120390E1,2.551853573E1,1.353386279E1,1.149999976E0,1.079000015E2,3.000000000E0,1.000000000E2
2.735731005E2,6.501119929E1,2.551855266E1,1.353386237E1,1.309999943E0,1.125999985E2,3.000000000E0,1.000000000E2
2.745682298E2,6.501119514E1,2.551857613E1,1.253386103E1,1.240000010E0,1.123000031E2,3.000000000E0,1.000000000E2
2.755599167E2,6.501119141E1,2.551860346E1,1.253385910E1,1.240000010E0,1.115000000E2,3.000000000E0,1.000000000E2
2.765469102E2,6.501118836E1,2.551862575E1,1.253385752E1,1.149999976E0,1.126999969E2,3.000000000E0,1.000000000E2
2.775489865E2,6.501118404E1,2.551865023E1,1.253385612E1,1.149999976E0,1.154000015E2,3.000000000E0,1.000000000E2
2.785510961E2,6.501117457E1,2.551867546E1,1.353385638E1,1.279999971E0,1.231999969E2,3.000000000E0,1.000000000E2
2.795554502E2,6.501116799E1,2.551869423E1,1.253385641E1,1.159999967E0,1.174000015E2,3.000000000E0,1.000000000E2
2.805478213E2,6.501116468E1,2.551872265E1,1.353385420E1,1.100000024E0,1.105999985E2,3.000000000E0,1.000000000E2
2.815415152E2,6.501116178E1,2.551875114E1,1.353385185E1,1.230000019E0,1.079000015E2,3.000000000E0,1.000000000E2
2.825663146E2,6.501115667E1,2.551877227E1,1.353385111E1,1.250000000E0,1.080000000E2,3.500000000E0,1.000000000E2
2.835844297E2,6.501115181E1,2.551879104E1,1.353385055E1,1.319999933E0,1.100000000E2,3.000000000E0,1.000000000E2
2.845473763E2,6.501114691E1,2.551881619E1,1.353384927E1,1.339999914E0,1.111999969E2,3.000000000E0,1.000000000E2
2.855633563E2,6.501114150E1,2.551883999E1,1.253384832E1,1.240000010E0,1.118000031E2,3.000000000E0,1.000000000E2
2.865625342E2,6.501113643E1,2.551886480E1,1.253384713E1,1.319999933E0,1.129000015E2,2.500000000E0,1.000000000E2
2.875532172E2,6.501113014E1,2.551888668E1,1.353384670E1,1.079999924E0,1.133000031E2,3.000000000E0,1.000000000E2
2.885671475E2,6.501112482E1,2.551890889E1,1.353384590E1,1.230000019E0,1.131999969E2,2.500000000E0,1.000000000E2
2.895830666E2,6.501112008E1,2.551893764E1,1.353384413E1,1.319999933E0,1.115000000E2,2.500000000E0,1.000000000E2
2.905622831E2,6.501111459E1,2.551897109E1,1.353384207E1,1.329999924E0,1.130000000E2,2.500000000E0,1.000000000E2
2.915740801E2,6.501110743E1,2.551900562E1,1.253384046E1,1.379999995E0,1.165999985E2,2.500000000E0,1.000000000E2
2.925623699E2,6.501109854E1,2.551903487E1,1.253384004E1,1.329999924E0,1.150999985E2,2.500000000E0,1.000000000E2
2.935535996E2,6.501109020E1,2.551907033E1,1.253383871E1,1.439999938E0,1.138000031E2,2.500000000E0,1.000000000E2
2.945689539E2,6.501108375E1,2.551910612E1,1.253383670E1,1.409999967E0,1.138000031E2,2.500000000E0,1.000000000E2
2.955647174E2,6.501107776E1,2.551913277E1,1.253383561E1,1.319999933E0,1.123000031E2,2.500000000E0,1.000000000E2
2.965584912E2,6.501107030E1,2.551916027E1,1.253383491E1,1.339999914E0,1.148000031E2,2.500000000E0,1.000000000E2
2.975431820E2,6.501106342E1,2.551917795E1,1.153383517E1,1.299999952E0,1.166999969E2,3.000000000E0,1.000000000E2
2.985730410E2,6.501105471E1,2.551920016E1,1.153383552E1,1.360000014E0,1.189000015E2,2.500000000E0,1.000000000E2
2.995438090E2,6.501104699E1,2.551922020E1,1.153383578E1,1.209999919E0,1.225000000E2,2.500000000E0,1.000000000E2
3.005462212E2,6.501104054E1,2.551924023E1,1.253383562E1,1.139999986E0,1.246999969E2,3.000000000E0,1.000000000E2
3.015525879E2,6.501103505E1,2.551925850E1,1.253383534E1,1.329999924E0,1.200999985E2,2.500000000E0,1.000000000E2
3.025425847E2,6.501102927E1,2.551928080E1,1.253383468E1,1.309999943E0,1.145999985E2,2.500000000E0,1.000000000E2
3.035522736E2,6.501102361E1,2.551931743E1,1.253383230E1,1.459999919E0,1.075999985E2,2.500000000E0,1.000000000E2
3.045521161E2,6.501102197E1,2.551935162E1,1.253382884E1,1.500000000E0,9.519999695E1,3.000000000E0,1.000000000E2
3.055646410E2,6.501101950E1,2.551937928E1,1.153382644E1,1.439999938E0,9.259999847E1,2.500000000E0,1.000000000E2
3.065630614E2,6.501101967E1,2.551942002E1,1.153382160E1,1.409999967E0,8.340000153E1,3.000000000E0,1.000000000E2
3.075551902E2,6.501102315E1,2.551945556E1,1.153381626E1,1.419999957E0,7.400000000E1,3.000000000E0,1.000000000E2
3.085548094E2,6.501102633E1,2.551948758E1,1.153381143E1,1.490000010E0,6.480000305E1,3.000000000E0,1.000000000E2
3.095685543E2,6.501103388E1,2.551951792E1,1.153380531E1,1.299999952E0,6.450000000E1,3.000000000E0,1.000000000E2
3.105564543E2,6.501103509E1,2.551954441E1,1.253380180E1,1.279999971E0,6.700000000E1,3.000000000E0,1.000000000E2
3.115600775E2,6.501103920E1,2.551957400E1,1.253379694E1,1.289999962E0,7.390000153E1,2.500000000E0,1.000000000E2
3.125657464E2,6.501104188E1,2.551959956E1,1.153379303E1,1.399999976E0,7.630000305E1,2.500000000E0,1.000000000E2
3.135556723E2,6.501104578E1,2.551963083E1,1.253378805E1,1.339999914E0,7.759999847E1,2.500000000E0,1.000000000E2
3.145435846E2,6.501104955E1,2.551966108E1,1.253378322E1,1.370000005E0,7.830000305E1,2.500000000E0,1.000000000E2
3.155514955E2,6.501105399E1,2.551968782E1,1.253377858E1,1.360000014E0,8.159999847E1,2.500000000E0,1.000000000E2
3.165471762E2,6.501105521E1,2.551971573E1,1.253377490E1,1.209999919E0,8.290000153E1,3.000000000E0,1.000000000E2
3.175406961E2,6.501105919E1,2.551974205E1,1.153377047E1,1.129999995E0,8.330000305E1,2.500000000E0,1.000000000E2
3.185855998E2,6.501106112E1,2.551976552E1,1.153376706E1,1.090000033E0,7.959999847E1,2.500000000E0,1.000000000E2
3.195820769E2,6.501106380E1,2.551979436E1,1.253376277E1,1.139999986E0,7.959999847E1,2.500000000E0,1.000000000E2
3.205540717E2,6.501106502E1,2.551982126E1,1.153375921E1,1.329999924E0,8.050000000E1,2.500000000E0,1.000000000E2
3.215584351E2,6.501106652E1,2.551984976E1,1.153375536E1,1.350000024E0,7.769999695E1,2.500000000E0,1.000000000E2
3.225435557E2,6.501106556E1,2.551987859E1,1.253375230E1,1.339999914E0,7.680000305E1,2.500000000E0,1.000000000E2
3.235466653E2,6.501106719E1,2.551990986E1,1.153374809E1,1.399999976E0,7.740000153E1,2.500000000E0,1.000000000E2
3.245525213E2,6.501106971E1,2.551995043E1,1.153374248E1,1.500000000E0,8.019999695E1,2.500000000E0,1.000000000E2
3.255564430E2,6.501107235E1,2.551997951E1,1.153373818E1,1.529999971E0,7.719999695E1,2.500000000E0,1.000000000E2
3.265603054E2,6.501107482E1,2.552000793E1,1.153373401E1,1.449999928E0,8.159999847E1,2.500000000E0,1.000000000E2
3.275517707E2,6.501107394E1,2.552003332E1,1.153373133E1,1.370000005E0,8.359999847E1,2.500000000E0,1.000000000E2
3.285455206E2,6.501107675E1,2.552006585E1,1.153372657E1,1.399999976E0,8.109999847E1,2.500000000E0,1.000000000E2
3.295535203E2,6.501107700E1,2.552010189E1,1.153372226E1,1.360000014E0,8.719999695E1,2.500000000E0,1.000000000E2
3.305636259E2,6.501107901E1,2.552013558E1,1.153371763E1,1.439999938E0,8.700000000E1,2.500000000E0,1.000000000E2
3.315725591E2,6.501108316E1,2.552016467E1,1.053371282E1,1.509999990E0,8.380000305E1,2.500000000E0,1.000000000E2
3.325479212E2,6.501108723E1,2.552019929E1,1.053370738E1,1.480000019E0,8.550000000E1,2.500000000E0,1.000000000E2
3.335463870E2,6.501108987E1,2.552022980E1,1.053370291E1,1.579999924E0,8.409999847E1,2.000000000E0,1.000000000E2
3.345592442E2,6.501109309E1,2.552026089E1,1.053369818E1,1.539999962E0,7.169999695E1,2.500000000E0,1.000000000E2
3.355548164E2,6.501110110E1,2.552029006E1,1.053369205E1,1.519999981E0,6.509999847E1,2.500000000E0,1.000000000E2
3.365507761E2,6.501110638E1,2.552031521E1,1.053368732E1,1.480000019E0,5.950000000E1,3.000000000E0,1.000000000E2
3.375478851E2,6.501111363E1,2.552034614E1,1.053368125E1,1.480000019E0,6.029999924E1,2.500000000E0,1.000000000E2
3.385687337E2,6.501112373E1,2.552037170E1,1.053367484E1,1.669999957E0,4.570000076E1,3.000000000E0,1.000000000E2
3.395520954E2,6.501113530E1,2.552039936E1,1.153366769E1,1.679999948E0,3.740000153E1,3.000000000E0,1.000000000E2
3.405483278E2,6.501114875E1,2.552041336E1,1.153366151E1,1.649999976E0,3.400000000E1,3.000000000E0,1.000000000E2
3.415523184E2,6.501116032E1,2.552043507E1,1.053365505E1,1.610000014E0,3.089999962E1,2.500000000E0,1.000000000E2
3.425734088E2,6.501117092E1,2.552045183E1,1.053364951E1,1.490000010E0,2.760000038E1,3.000000000E0,1.000000000E2
3.435514157E2,6.501118450E1,2.552047396E1,9.533642329E0,1.659999967E0,2.789999962E1,3.000000000E0,1.000000000E2
3.445687610E2,6.501119703E1,2.552049316E1,1.053363585E1,1.559999943E0,2.520000076E1,3.000000000E0,1.000000000E2
3.455647041E2,6.501120734E1,2.552049860E1,1.053363173E1,1.519999981E0,2.560000038E1,3.000000000E0,1.000000000E2
3.465561653E2,6.501122042E1,2.552051478E1,1.053362542E1,1.610000014E0,2.750000000E1,3.000000000E0,1.000000000E2
3.475547380E2,6.501123542E1,2.552052819E1,1.053361878E1,1.649999976E0,2.770000076E1,3.000000000E0,1.000000000E2
3.485487824E2,6.501125080E1,2.552053724E1,1.153361252E1,1.449999928E0,2.720000076E1,3.000000000E0,1.000000000E2
3.495436561E2,6.501126283E1,2.552055149E1,1.153360679E1,1.439999938E0,2.900000000E1,3.000000000E0,1.000000000E2
3.505530394E2,6.501127372E1,2.552057052E1,1.153360089E1,1.559999943E0,2.989999962E1,3.000000000E0,1.000000000E2
3.515613462E2,6.501128768E1,2.552058066E1,1.253359499E1,1.579999924E0,3.029999924E1,3.000000000E0,1.000000000E2
3.525482989E2,6.501129929E1,2.552059734E1,1.253358911E1,1.480000019E0,3.340000153E1,3.000000000E0,1.000000000E2
3.535511357E2,6.501131140E1,2.552061419E1,1.253358305E1,1.559999943E0,3.100000000E1,3.000000000E0,1.000000000E2
3.545568486E2,6.501132255E1,2.552062894E1,1.353357756E1,1.379999995E0,3.120000076E1,3.000000000E0,1.000000000E2
3.555674709E2,6.501133583E1,2.552064051E1,1.353357172E1,1.509999990E0,3.160000038E1,3.000000000E0,1.000000000E2
3.565644776E2,6.501134845E1,2.552065954E1,1.353356523E1,1.449999928E0,3.139999962E1,3.000000000E0,1.000000000E2
3.575491140E2,6.501136073E1,2.552067010E1,1.253355985E1,1.399999976E0,3.129999924E1,3.000000000E0,1.000000000E2
3.585475789E2,6.501137649E1,2.552068317E1,1.253355300E1,1.519999981E0,3.350000000E1,3.000000000E0,1.000000000E2
3.595471813E2,6.501138772E1,2.552070094E1,1.253354713E1,1.529999971E0,3.409999847E1,3.000000000E0,1.000000000E2
3.605483899E2,6.501140134E1,2.552072265E1,1.353353999E1,1.469999909E0,3.229999924E1,3.000000000E0,1.000000000E2
3.615531323E2,6.501141249E1,2.552073103E1,1.353353525E1,1.449999928E0,3.189999962E1,3.000000000E0,1.000000000E2
3.625500591E2,6.501142305E1,2.552075224E1,1.453352921E1,1.379999995E0,3.409999847E1,3.000000000E0,1.000000000E2
3.635543142E2,6.501143441E1,2.552077127E1,1.453352315E1,1.329999924E0,3.479999924E1,3.000000000E0,1.000000000E2
3.645511733E2,6.501144224E1,2.552079046E1,1.453351826E1,1.209999919E0,3.479999924E1,3.000000000E0,1.000000000E2
3.655876782E2,6.501145347E1,2.552080764E1,1.453351246E1,1.379999995E0,3.270000076E1,3.000000000E0,1.000000000E2
3.665514706E2,6.501146554E1,2.552082927E1,1.453350585E1,1.469999909E0,3.440000153E1,3.000000000E0,1.000000000E2
3.675499575E2,6.501147619E1,2.552085081E1,1.353349974E1,1.449999928E0,3.740000153E1,3.000000000E0,1.000000000E2
3.685762944E2,6.501148763E1,2.552085735E1,1.353349512E1,1.419999957E0,3.770000076E1,3.000000000E0,1.000000000E2
3.695503126E2,6.501149694E1,2.552087604E1,1.353348979E1,1.360000014E0,3.729999924E1,3.000000000E0,1.000000000E2
3.705521390E2,6.501150486E1,2.552089071E1,1.353348540E1,1.319999933E0,3.829999924E1,3.000000000E0,1.000000000E2
3.715488429E2,6.501151470E1,2.552091175E1,1.353347962E1,1.439999938E0,4.020000076E1,3.000000000E0,1.000000000E2
3.725556084E2,6.501152355E1,2.552093262E1,1.353347420E1,1.409999967E0,4.220000076E1,3.000000000E0,1.000000000E2
3.735692517E2,6.501153348E1,2.552095567E1,1.453346815E1,1.299999952E0,3.620000076E1,3.000000000E0,1.000000000E2
3.745647602E2,6.501154568E1,2.552096908E1,1.353346247E1,1.319999933E0,2.510000038E1,3.500000000E0,1.000000000E2
3.755799630E2,6.501155628E1,2.552097428E1,1.353345829E1,1.139999986E0,8.699999809E0,3.000000000E0,1.000000000E2
3.765471577E2,6.501156738E1,2.552098190E1,1.453345365E1,1.259999990E0,3.566000061E2,3.000000000E0,1.000000000E2
3.775485009E2,6.501157640E1,2.552097671E1,1.353345122E1,1.389999986E0,3.496000061E2,3.000000000E0,1.000000000E2
3.785449360E2,6.501158700E1,2.552096631E1,1.353344885E1,1.409999967E0,3.402999878E2,3.000000000E0,1.000000000E2
3.795593551E2,6.501159735E1,2.552095081E1,1.353344717E1,1.509999990E0,3.365000000E2,3.000000000E0,1.000000000E2
3.805608715E2,6.501160875E1,2.552093513E1,1.353344516E1,1.480000019E0,3.331000061E2,3.000000000E0,1.000000000E2
3.815453459E2,6.501162040E1,2.552092063E1,1.353344292E1,1.449999928E0,3.327999878E2,2.500000000E0,1.000000000E2
3.825646211E2,6.501163234E1,2.552089968E1,1.253344134E1,1.559999943E0,3.327999878E2,2.500000000E0,1.000000000E2
3.835590180E2,6.501164559E1,2.552088082E1,1.353343907E1,1.480000019E0,3.322000122E2,2.500000000E0,1.000000000E2
3.845608006E2,6.501165686E1,2.552086322E1,1.253343732E1,1.549999952E0,3.317999878E2,2.500000000E0,1.000000000E2
3.855618530E2,6.501166629E1,2.552084721E1,1.253343601E1,1.599999905E0,3.350000000E2,2.500000000E0,1.000000000E2
3.865567408E2,6.501167694E1,2.552082877E1,1.253343457E1,1.399999976E0,3.350000000E2,2.500000000E0,1.000000000E2
3.875487145E2,6.501168712E1,2.552081133E1,1.153343317E1,1.500000000E0,3.390000000E2,2.500000000E0,1.000000000E2
3.885533540E2,6.501169936E1,2.552079809E1,1.153343058E1,1.429999948E0,3.415000000E2,2.500000000E0,1.000000000E2
3.895690483E2,6.501171294E1,2.552078392E1,1.153342765E1,1.569999933E0,3.453999939E2,2.500000000E0,1.000000000E2
3.905655027E2,6.501172241E1,2.552076833E1,1.053342627E1,1.449999928E0,3.451000061E2,2.500000000E0,1.000000000E2
3.915534298E2,6.501173515E1,2.552075978E1,1.053342297E1,1.529999971E0,3.437999878E2,2.500000000E0,1.000000000E2
3.925688896E2,6.501174848E1,2.552075392E1,1.053341916E1,1.500000000E0,3.427000122E2,2.500000000E0,1.000000000E2
3.935443540E2,6.501175971E1,2.552074880E1,1.053341596E1,1.449999928E0,3.458999939E2,2.500000000E0,1.000000000E2
3.945451552E2,6.501177186E1,2.552073690E1,9.533413248E0,1.389999986E0,3.463999939E2,2.500000000E0,1.000000000E2
3.955514199E2,6.501178171E1,2.552072366E1,9.533411469E0,1.329999924E0,3.470000000E2,2.500000000E0,1.000000000E2
3.965485403E2,6.501179156E1,2.552070899E1,9.533409855E0,1.379999995E0,3.437999878E2,2.500000000E0,1.000000000E2
3.975488502E2,6.501180271E1,2.552069415E1,9.533407822E0,1.399999976E0,3.418999939E2,2.500000000E0,1.000000000E2
3.985674969E2,6.501181327E1,2.552068125E1,8.533405762E0,1.429999948E0,3.443999939E2,2.500000000E0,1.000000000E2
3.995446303E2,6.501182592E1,2.552066742E1,8.533403102E0,1.519999981E0,3.438999939E2,2.500000000E0,1.000000000E2
4.005450801E2,6.501183988E1,2.552065794E1,8.533399495E0,1.469999909E0,3.425000000E2,2.500000000E0,1.000000000E2
4.015561548E2,6.501185321E1,2.552064428E1,8.533396588E0,1.480000019E0,3.442999878E2,2.500000000E0,1.000000000E2
4.025430784E2,6.501186633E1,2.552063431E1,8.533393322E0,1.419999957E0,3.462999878E2,2.500000000E0,1.000000000E2
4.035661433E2,6.501187810E1,2.552061897E1,7.533391134E0,1.389999986E0,3.462999878E2,2.500000000E0,1.000000000E2
4.045645310E2,6.501189093E1,2.552061008E1,7.533387839E0,1.419999957E0,3.415000000E2,2.500000000E0,1.000000000E2
4.055625207E2,6.501190476E1,2.552060405E1,8.533383873E0,1.329999924E0,3.412000122E2,2.500000000E0,1.000000000E2
4.065807310E2,6.501191913E1,2.552060346E1,8.533379087E0,1.389999986E0,3.477999878E2,2.500000000E0,1.000000000E2
4.075508481E2,6.501193271E1,2.552060355E1,8.533374492E0,1.439999938E0,3.522999878E2,2.500000000E0,1.000000000E2
4.085577618E2,6.501194541E1,2.552059751E1,8.533370907E0,1.279999971E0,3.547999878E2,2.500000000E0,1.000000000E2
4.095568887E2,6.501195861E1,2.552058946E1,8.533367387E0,1.419999957E0,3.522999878E2,2.500000000E0,1.000000000E2
4.105503111E2,6.501197303E1,2.552058393E1,8.533363163E0,1.429999948E0,3.535000000E2,2.500000000E0,1.000000000E2
4.115673731E2,6.501198677E1,2.552057882E1,9.533359117E0,1.350000024E0,3.552999878E2,2.500000000E0,1.000000000E2
4.125571604E2,6.501199909E1,2.552057371E1,9.533355551E0,1.120000005E0,3.536000061E2,2.500000000E0,1.000000000E2
4.135482170E2,6.501201003E1,2.552057161E1,1.053335210E1,1.299999952E0,3.480000000E2,2.500000000E0,1.000000000E2
4.145523544E2,6.501202080E1,2.552056524E1,1.053334921E1,1.179999948E0,3.493999939E2,2.500000000E0,1.000000000E2
4.155469757E2,6.501203149E1,2.552056449E1,1.153334568E1,1.289999962E0,3.515000000E2,2.500000000E0,1.000000000E2
4.165471872E2,6.501204432E1,2.552055912E1,1.153334198E1,1.259999990E0,3.495000000E2,2.500000000E0,1.000000000E2
4.175515433E2,6.501205659E1,2.552054529E1,1.153333944E1,1.350000024E0,3.421000061E2,2.500000000E0,1.000000000E2
4.185500432E2,6.501206913E1,2.552053280E1,1.153333666E1,1.339999914E0,3.433999939E2,2.500000000E0,1.000000000E2
4.195501337E2,6.501208019E1,2.552052610E1,1.153333371E1,1.159999967E0,3.451000061E2,2.500000000E0,1.000000000E2
4.205482125E2,6.501208941E1,2.552051294E1,1.153333213E1,1.189999938E0,3.452999878E2,3.000000000E0,1.000000000E2
4.215531360E2,6.501210001E1,2.552050422E1,1.153332956E1,1.240000010E0,3.445000000E2,3.000000000E0,1.000000000E2
4.225387312E2,6.501211162E1,2.552049617E1,1.253332658E1,1.199999928E0,3.442999878E2,3.000000000E0,1.000000000E2
4.235621161E2,6.501212139E1,2.552047966E1,1.253332520E1,1.179999948E0,3.403999939E2,3.000000000E0,1.000000000E2
4.245413943E2,6.501213551E1,2.552046357E1,1.253332230E1,1.339999914E0,3.437000122E2,3.000000000E0,1.000000000E2
4.255375615E2,6.501214854E1,2.552044647E1,1.253331989E1,1.360000014E0,3.473999939E2,3.000000000E0,1.000000000E2
4.265359081E2,6.501216091E1,2.552042996E1,1.253331763E1,1.159999967E0,3.458999939E2,3.000000000E0,1.000000000E2
4.275585092E2,6.501217109E1,2.552042183E1,1.253331514E1,1.309999943E0,3.472999878E2,3.000000000E0,1.000000000E2
4.285581389E2,6.501217972E1,2.552042275E1,1.253331212E1,1.220000029E0,3.485000000E2,3.000000000E0,1.000000000E2
4.295504951E2,6.501219154E1,2.552041244E1,1.253330932E1,1.279999971E0,3.453999939E2,3.000000000E0,1.000000000E2
4.305510353E2,6.501220366E1,2.552040054E1,1.253330662E1,1.299999952E0,3.426000061E2,3.000000000E0,1.000000000E2
4.315688729E2,6.501221711E1,2.552039023E1,1.253330327E1,1.299999952E0,3.427999878E2,3.000000000E0,1.000000000E2
4.325569743E2,6.501223006E1,2.552037908E1,1.253330019E1,1.240000010E0,3.441000061E2,2.500000000E0,1.000000000E2
4.335494712E2,6.501224079E1,2.552036575E1,1.253329812E1,1.329999924E0,3.443999939E2,3.000000000E0,1.000000000E2
4.345484230E2,6.501225160E1,2.552035561E1,1.253329564E1,1.350000024E0,3.452999878E2,3.000000000E0,1.000000000E2
4.355609254E2,6.501226405E1,2.552034639E1,1.353329251E1,1.299999952E0,3.450000000E2,3.000000000E0,1.000000000E2
4.365527437E2,6.501227557E1,2.552033298E1,1.353329017E1,1.350000024E0,3.447000122E2,2.500000000E0,1.000000000E2
4.375505412E2,6.501228638E1,2.552032493E1,1.353328746E1,1.179999948E0,3.427999878E2,2.500000000E0,1.000000000E2
4.385512269E2,6.501229523E1,2.552031177E1,1.353328600E1,1.209999919E0,3.402000122E2,2.500000000E0,1.000000000E2
4.395655402E2,6.501230499E1,2.552030071E1,1.353328399E1,1.149999976E0,3.355000000E2,2.500000000E0,1.000000000E2
4.405554566E2,6.501231266E1,2.552028763E1,1.353328291E1,1.250000000E0,3.307000122E2,3.000000000E0,1.000000000E2
4.415560450E2,6.501232150E1,2.552027548E1,1.353328134E1,1.199999928E0,3.286000061E2,3.000000000E0,1.000000000E2
4.425568143E2,6.501233169E1,2.552026089E1,1.353327959E1,1.169999957E0,3.268999939E2,3.000000000E0,1.000000000E2
4.435477123E2,6.501233869E1,2.552025595E1,1.353327780E1,1.090000033E0,3.211000061E2,3.000000000E0,1.000000000E2
4.445527097E2,6.501234321E1,2.552023843E1,1.353327831E1,1.169999957E0,3.045000000E2,3.000000000E0,1.000000000E2
4.455532821E2,6.501234619E1,2.552021303E1,1.353328025E1,1.019999981E0,2.897000122E2,3.000000000E0,1.000000000E2
4.465578091E2,6.501234770E1,2.552018730E1,1.353328273E1,1.049999952E0,2.771000061E2,3.000000000E0,1.000000000E2
4.475403168E2,6.501234690E1,2.552016232E1,1.353328591E1,1.259999990E0,2.603999939E2,3.000000000E0,1.000000000E2
4.485503501E2,6.501234455E1,2.552013257E1,1.353329016E1,1.259999990E0,2.550000000E2,3.000000000E0,1.000000000E2
4.495389665E2,6.501234321E1,2.552010558E1,1.353329375E1,1.319999933E0,2.531000061E2,3.000000000E0,1.000000000E2
4.505683346E2,6.501234116E1,2.552007909E1,1.453329752E1,1.039999962E0,2.541999969E2,2.500000000E0,1.000000000E2
4.515519398E2,6.501233919E1,2.552005495E1,1.453330099E1,1.129999995E0,2.568999939E2,3.000000000E0,1.000000000E2
4.525474915E2,6.501233827E1,2.552002804E1,1.453330443E1,1.110000014E0,2.602000122E2,3.000000000E0,1.000000000E2
4.535429133E2,6.501233726E1,2.552000239E1,1.453330775E1,1.259999990E0,2.562000122E2,3.500000000E0,1.000000000E2
4.545551706E2,6.501233659E1,2.551997339E1,1.453331135E1,9.099999666E-1,2.586000061E2,3.500000000E0,1.000000000E2
4.555396148E2,6.501233756E1,2.551995202E1,1.453331351E1,1.029999971E0,2.715000000E2,3.000000000E0,1.000000000E2
4.565380233E2,6.501233802E1,2.551993098E1,1.453331580E1,9.499999881E-1,2.732000122E2,3.000000000E0,1.000000000E2
4.575509011E2,6.501233571E1,2.551991162E1,1.453331883E1,9.199999571E-1,2.588999939E2,3.000000000E0,1.000000000E2
4.585615142E2,6.501233370E1,2.551989645E1,1.453332127E1,9.300000072E-1,2.593999939E2,3.000000000E0,1.000000000E2
4.595615532E2,6.501233282E1,2.551987533E1,1.453332402E1,1.090000033E0,2.560000000E2,3.000000000E0,1.000000000E2
4.605538687E2,6.501232989E1,2.551985454E1,1.453332743E1,1.110000014E0,2.562000122E2,3.500000000E0,1.000000000E2
4.615415656E2,6.501232762E1,2.551983224E1,1.453333079E1,1.039999962E0,2.567999878E2,3.500000000E0,1.000000000E2
4.625503889E2,6.501232716E1,2.551980961E1,1.453333358E1,1.019999981E0,2.577999878E2,3.500000000E0,1.000000000E2
4.635545745E2,6.501232544E1,2.551978472E1,1.453333705E1,9.300000072E-1,2.562999878E2,3.500000000E0,1.000000000E2
4.645475722E2,6.501232096E1,2.551976142E1,1.353334128E1,9.599999785E-1,2.501999969E2,3.000000000E0,1.000000000E2
4.655541652E2,6.501231807E1,2.551974071E1,1.353334466E1,9.300000072E-1,2.528999939E2,3.000000000E0,1.000000000E2
4.665504106E2,6.501231706E1,2.551971825E1,1.353334761E1,1.009999990E0,2.607999878E2,3.500000000E0,1.000000000E2
4.675449132E2,6.501231518E1,2.551969495E1,1.353335096E1,9.899999499E-1,2.571000061E2,3.500000000E0,1.000000000E2
4.685509637E2,6.501231304E1,2.551967114E1,1.353335445E1,1.009999990E0,2.602999878E2,3.500000000E0,1.000000000E2
4.695522459E2,6.501231212E1,2.551965212E1,1.353335698E1,1.009999990E0,2.572000122E2,3.500000000E0,1.000000000E2
4.705488908E2,6.501231011E1,2.551962630E1,1.453336066E1,1.069999933E0,2.598999939E2,3.500000000E0,1.000000000E2
4.715497655E2,6.501231094E1,2.551960593E1,1.453336274E1,9.699999690E-1,2.612999878E2,3.500000000E0,1.000000000E2
4.725482465E2,6.501231124E1,2.551958389E1,1.453336521E1,8.399999738E-1,2.628999939E2,3.500000000E0,1.000000000E2
4.735622937E2,6.501230830E1,2.551955966E1,1.353336901E1,9.399999976E-1,2.687999878E2,3.000000000E0,1.000000000E2
4.745499564E2,6.501230818E1,2.551954080E1,1.353337125E1,8.499999642E-1,2.697999878E2,2.500000000E0,1.000000000E2
4.755500207E2,6.501230751E1,2.551952044E1,1.353337384E1,1.029999971E0,2.691000061E2,2.500000000E0,1.000000000E2
4.765523359E2,6.501230403E1,2.551950082E1,1.353337730E1,1.049999952E0,2.670000000E2,2.500000000E0,1.000000000E2
4.775543240E2,6.501230265E1,2.551947786E1,1.353338044E1,1.049999952E0,2.722000122E2,3.000000000E0,1.000000000E2
4.785656403E2,6.501230386E1,2.551945615E1,1.353338255E1,9.899999499E-1,2.727999878E2,2.500000000E0,1.000000000E2
4.795511745E2,6.501230600E1,2.551943276E1,1.453338455E1,9.399999976E-1,2.755000000E2,2.500000000E0,1.000000000E2
4.805456997E2,6.501230876E1,2.551940770E1,1.453338652E1,1.049999952E0,2.747000122E2,2.000000000E0,1.000000000E2
4.815644744E2,6.501231178E1,2.551938021E1,1.453338870E1,1.169999957E0,2.792999878E2,2.500000000E0,1.000000000E2
4.825681351E2,6.501231417E1,2.551935489E1,1.453339083E1,1.090000033E0,2.807000122E2,2.500000000E0,1.000000000E2
4.835633414E2,6.501231513E1,2.551933092E1,1.453339329E1,1.079999924E0,2.765000000E2,2.500000000E0,1.000000000E2
4.845530647E2,6.501231585E1,2.551930636E1,1.453339591E1,1.120000005E0,2.763999939E2,2.500000000E0,1.000000000E2
4.855360381E2,6.501231912E1,2.551927895E1,1.453339798E1,9.699999690E-1,2.802000122E2,2.500000000E0,1.000000000E2
4.865356792E2,6.501232033E1,2.551924903E1,1.453340105E1,9.099999666E-1,2.792000122E2,2.000000000E0,1.000000000E2
4.875481008E2,6.501232544E1,2.551922690E1,1.453340189E1,8.700000048E-1,2.777999878E2,2.000000000E0,1.000000000E2
4.885517544E2,6.501233081E1,2.551920645E1,1.553340245E1,8.899999857E-1,2.842999878E2,2.000000000E0,1.000000000E2
4.895650135E2,6.501233328E1,2.551918709E1,1.553340386E1,7.099999785E-1,2.871000061E2,2.000000000E0,1.000000000E2
4.905652796E2,6.501233228E1,2.551918021E1,1.553340500E1,1.899999976E-1,2.887999878E2,2.000000000E0,1.000000000E2
4.915477045E2,6.501233236E1,2.551918088E1,1.553340490E1,9.999999776E-3,2.898999939E2,1.500000000E0,1.000000000E2
4.925547240E2,6.501233035E1,2.551918047E1,1.653340563E1,2.999999821E-1,2.892999878E2,2.000000000E0,1.000000000E2
4.935619105E2,6.501232959E1,2.551917921E1,1.653340603E1,0.000000000E0,0.000000000E0,2.000000000E0,1.000000000E2
